{
  "Ansi 5 Color" : {
    "Red Component" : 0.7764706015586853,
    "Color Space" : "sRGB",
    "Blue Component" : 0.86666667461395264,
    "Alpha Component" : 1,
    "Green Component" : 0.47058823704719543
  },
  "Tags" : [

  ],
  "Ansi 12 Color" : {
    "Red Component" : 0.37647059559822083,
    "Color Space" : "sRGB",
    "Blue Component" : 0.93725490570068359,
    "Alpha Component" : 1,
    "Green Component" : 0.68627452850341797
  },
  "Has Hotkey" : false,
  "Ansi 7 Color" : {
    "Red Component" : 0.6705882352941176,
    "Color Space" : "sRGB",
    "Blue Component" : 0.75294117647058822,
    "Alpha Component" : 1,
    "Green Component" : 0.69803921568627447
  },
  "Bold Color" : {
    "Red Component" : 0.99999600648880005,
    "Color Space" : "sRGB",
    "Blue Component" : 1,
    "Alpha Component" : 1,
    "Green Component" : 1
  },
  "Ansi 8 Color" : {
    "Red Component" : 0.40781760215759277,
    "Color Space" : "sRGB",
    "Blue Component" : 0.4078223705291748,
    "Alpha Component" : 1,
    "Green Component" : 0.40782788395881653
  },
  "Ansi 9 Color" : {
    "Red Component" : 0.87843137979507446,
    "Color Space" : "sRGB",
    "Blue Component" : 0.45882353186607361,
    "Alpha Component" : 1,
    "Green Component" : 0.41960784792900085
  },
  "Link Color" : {
    "Red Component" : 0.41960787773132324,
    "Color Space" : "sRGB",
    "Blue Component" : 0.93725484609603882,
    "Alpha Component" : 1,
    "Green Component" : 0.38039213418960571
  },
  "Rows" : 49,
  "Default Bookmark" : "No",
  "Guid" : "2EE9D145-8621-4B91-9AB9-E0EB2D054727",
  "Cursor Guide Color" : {
    "Red Component" : 0.3803921639919281,
    "Color Space" : "sRGB",
    "Blue Component" : 0.93725484609603882,
    "Alpha Component" : 0.058823529411764705,
    "Green Component" : 0.68627452850341797
  },
  "Non-ASCII Anti Aliased" : true,
  "Use Bright Bold" : false,
  "Ansi 10 Color" : {
    "Red Component" : 0.59607845544815063,
    "Color Space" : "sRGB",
    "Blue Component" : 0.47450980544090271,
    "Alpha Component" : 1,
    "Green Component" : 0.76470589637756348
  },
  "Ambiguous Double Width" : false,
  "Jobs to Ignore" : [
    "rlogin",
    "ssh",
    "slogin",
    "telnet"
  ],
  "Show Status Bar" : false,
  "Ansi 15 Color" : {
    "Red Component" : 0.6705882352941176,
    "Color Space" : "sRGB",
    "Blue Component" : 0.75294117647058822,
    "Alpha Component" : 1,
    "Green Component" : 0.69803921568627447
  },
  "Foreground Color" : {
    "Red Component" : 0.6705882352941176,
    "Color Space" : "sRGB",
    "Blue Component" : 0.75294117647058822,
    "Alpha Component" : 1,
    "Green Component" : 0.69803921568627447
  },
  "Bound Hosts" : [

  ],
  "Working Directory" : "\/Users\/clmay",
  "Blinking Cursor" : false,
  "Space" : 0,
  "Sync Title" : false,
  "Prompt Before Closing 2" : false,
  "BM Growl" : true,
  "Mouse Reporting" : true,
  "Command" : "",
  "Description" : "Default",
  "Disable Window Resizing" : true,
  "Screen" : -1,
  "Selection Color" : {
    "Red Component" : 0.20000000000000001,
    "Color Space" : "sRGB",
    "Blue Component" : 0.27843137254901962,
    "Alpha Component" : 1,
    "Green Component" : 0.22745098039215686
  },
  "Columns" : 80,
  "Idle Code" : 0,
  "Ansi 13 Color" : {
    "Red Component" : 0.7764706015586853,
    "Color Space" : "sRGB",
    "Blue Component" : 0.86666667461395264,
    "Alpha Component" : 1,
    "Green Component" : 0.47058823704719543
  },
  "Custom Command" : "No",
  "ASCII Anti Aliased" : true,
  "Non Ascii Font" : "Monaco 12",
  "Vertical Spacing" : 1,
  "Use Bold Font" : true,
  "Option Key Sends" : 0,
  "Selected Text Color" : {
    "Red Component" : 0.6705882352941176,
    "Color Space" : "sRGB",
    "Blue Component" : 0.75294117647058822,
    "Alpha Component" : 1,
    "Green Component" : 0.69803921568627447
  },
  "Background Color" : {
    "Red Component" : 0.15686274509803921,
    "Color Space" : "sRGB",
    "Blue Component" : 0.20392156862745098,
    "Alpha Component" : 1,
    "Green Component" : 0.17254901960784313
  },
  "Character Encoding" : 4,
  "Ansi 11 Color" : {
    "Red Component" : 0.90196079015731812,
    "Color Space" : "sRGB",
    "Blue Component" : 0.48235294222831726,
    "Alpha Component" : 1,
    "Green Component" : 0.75294119119644165
  },
  "Use Italic Font" : true,
  "Unlimited Scrollback" : false,
  "Keyboard Map" : {
    "0xf703-0x300000" : {
      "Text" : "0x05",
      "Action" : 11
    },
    "0x19-0x60000" : {
      "Text" : "",
      "Action" : 2
    },
    "0xf702-0x280000" : {
      "Text" : "0x1b 0x62",
      "Action" : 11
    },
    "0xf702-0x300000" : {
      "Text" : "0x01",
      "Action" : 11
    },
    "0x9-0x40000" : {
      "Text" : "",
      "Action" : 0
    },
    "0xf703-0x280000" : {
      "Text" : "0x1b 0x66",
      "Action" : 11
    }
  },
  "Window Type" : 0,
  "Blink Allowed" : true,
  "Background Image Location" : "",
  "Blur" : false,
  "Badge Color" : {
    "Red Component" : 1,
    "Color Space" : "sRGB",
    "Blue Component" : 0,
    "Alpha Component" : 0.5,
    "Green Component" : 0.1491314172744751
  },
  "Scrollback Lines" : 1000,
  "Send Code When Idle" : false,
  "Close Sessions On End" : true,
  "Terminal Type" : "xterm-256color",
  "Visual Bell" : true,
  "Flashing Bell" : false,
  "Status Bar Layout" : {
    "components" : [
      {
        "class" : "iTermStatusBarGitComponent",
        "configuration" : {
          "knobs" : {
            "minwidth" : 0,
            "iTermStatusBarGitComponentPollingIntervalKey" : 2,
            "shared text color" : {
              "Red Component" : 0.90000000000000002,
              "Color Space" : "sRGB",
              "Blue Component" : 0.63,
              "Alpha Component" : 1,
              "Green Component" : 0.63
            },
            "base: priority" : 5,
            "base: compression resistance" : 1,
            "maxwidth" : 1.7976931348623157e+308
          },
          "layout advanced configuration dictionary value" : {
            "font" : ".AppleSystemUIFont 12",
            "algorithm" : 0
          }
        }
      },
      {
        "class" : "iTermStatusBarJobComponent",
        "configuration" : {
          "knobs" : {
            "minwidth" : 0,
            "base: priority" : 5,
            "shared text color" : {
              "Red Component" : 0.63,
              "Color Space" : "sRGB",
              "Blue Component" : 0.63,
              "Alpha Component" : 1,
              "Green Component" : 0.90000000000000002
            },
            "base: compression resistance" : 1,
            "maxwidth" : 1.7976931348623157e+308
          },
          "layout advanced configuration dictionary value" : {
            "font" : ".AppleSystemUIFont 12",
            "algorithm" : 0
          }
        }
      },
      {
        "class" : "iTermStatusBarWorkingDirectoryComponent",
        "configuration" : {
          "knobs" : {
            "path" : "path",
            "minwidth" : 0,
            "shared text color" : {
              "Red Component" : 0.63,
              "Color Space" : "sRGB",
              "Blue Component" : 0.90000000000000002,
              "Alpha Component" : 1,
              "Green Component" : 0.63
            },
            "base: priority" : 5,
            "base: compression resistance" : 1,
            "maxwidth" : 1.7976931348623157e+308
          },
          "layout advanced configuration dictionary value" : {
            "font" : ".AppleSystemUIFont 12",
            "algorithm" : 0
          }
        }
      }
    ],
    "advanced configuration" : {
      "font" : ".AppleSystemUIFont 12",
      "algorithm" : 0
    }
  },
  "Silence Bell" : false,
  "Ansi 14 Color" : {
    "Red Component" : 0.33725491166114807,
    "Color Space" : "sRGB",
    "Blue Component" : 0.7607843279838562,
    "Alpha Component" : 1,
    "Green Component" : 0.7137255072593689
  },
  "Name" : "clmay",
  "Cursor Text Color" : {
    "Red Component" : 0.16078431904315948,